country,results.year,results.pages.page0.raceDateTitle,results.pages.page0.tables.tableTitle,results.pages.page0.tables.tableRows.poř.,results.pages.page0.tables.tableRows.jméno koně,results.pages.page0.tables.tableRows.váha,results.pages.page0.tables.tableRows.jezdec,results.pages.page0.tables.tableRows.výrok,results.pages.page0.tables.tableRows.čas,results.pages.page0.tables.tableRows.st.č.,results.pages.page0.tables.tableRows.trenér,results.pages.page0.tables.tableRows.evq
abroad,2024,Výsledky ze dne 24.04.2024 - Marseille-Borely (Francie),"2199 PRIX DE BANDOL
Rovina c3 - 1200 m, handicap, 4letí a starší
20.000 EUR (10000 - 4000 - 3000 - 2000 - 1000)
Zápisné: 0 + 0 EUR",1.,"COUR DU ROI(GB), 5","56,0",ž. Aurelien Lemaitre,JISTĚ,,11,,
,,,,2.,"MAMAMOUCHI(FR), 4 kl","58,5",Antonio Orani,krk,,6,,
,,,,3.,"CALIFANO(FR), 5 val","58,0",Manon German,1,,3,,
,,,,4.,"MONSIEURVALCHOP(FR), 5 val","59,0",ž. Cristian Demuro,nos,,5,,
,2023,Výsledky ze dne 30.12.2023 - Dortmund (Německo),"2822 Preis der Hindernis-Champions Trainer/Besitzer 2023
Rovina F - 2500 m, handicap, 3letí a starší
5.000 EUR (2500 - 1000 - 750 - 500 - 250)
Zápisné: 0 + 0 EUR",5.,"LE ROZEL(FR), 4 val","54,0",žk. Tomáš Roman,krk,,14,Myšková Štěpánka,
,,,,1.,"SCHAEL(FR), 4","57,0",Schuichi Terachi,V. LEHCE,,3,,
,,,,2.,"NORTH FIRE(GER), 4","57,5",Thore Hammer-Hansen,10,,6,,
,,,,3.,"SUNNY STAR(FR), 5 kl","61,0",Maike Riehl,4,,1,,
,,,,4.,"ALL TALK N NO DO(IRE), 12","58,5",Lili-Marie Engels,6,,5,,
,,,,5.,"STRAHLEMANN(GER), 4","54,0",Michael Cadeddu,6,,7,,
,,,"2823 Preis der 4er - Wette - Preis des Jockey-Champions 2023
Rovina F - 1800 m, handicap, 3letí a starší
5.150 EUR (2500 - 1000 - 750 - 500 - 250 - 150)
Zápisné: 0 + 0 EUR",6.,"LADY RECORDER(FR), 3 kl","59,5",ž. Leon Wolff,daleko,,4,Nieslanik Miroslav,
,,,,1.,"EL ROYALE(GB), 4","61,0",Maike Riehl,LEHCE,,6,,
,,,,2.,"SOMMERBERGER(GER), 3","58,0",Thore Hammer-Hansen,6,,9,,
,,,,3.,"BLACK DARK(IRE), 3 val","65,0",ž. Leon Wolff,1 3/4,,3,Nieslanik Miroslav,
,,,,4.,"MANHATTAN QUEEN(GER), 4","53,0",ž. Anna Van den Troost,4,,13,,
,,,,5.,"ITORA(GER), 3","57,5",am. Antonia von der Recke,1 3/4,,7,,
,,,"2824 Preis der Besitzertrainer und -trainerinnen 2023
Rovina D - 1950 m, handicap, 3letí a starší
6.500 EUR (3150 - 1260 - 945 - 630 - 315 - 200)
Zápisné: 0 + 0 EUR",6.,"ALL MY LOVING(GER), 3","52,5",Elisabeth Stahlhut,krk,,10,,
,,,,1.,"DIRECT HIT(IRE), 3","54,0",Michael Cadeddu,BOJ,,5,,
,,,,2.,"ARADOUS(IRE), 5 val","61,5",Senan Macredmond,krk,,1,,
,,,,3.,"MISTER HOLLOW(GER), 3 hř","60,0",ž. Leon Wolff,3/4,,3,,
,,,,4.,"SADALBARI(IRE), 3 val","55,0",ž. Sibylle Vogt,6,,4,Nieslanik Miroslav,
,,,,5.,"SERIENMOND(GER), 3","60,5",Schuichi Terachi,3/4,,2,,
,2022,Výsledky ze dne 28.12.2022 - Cagnes-sur-mer (Francie),"2769 PRIX DU PAYS DE LOIRE
Proutky - - 4000 m, cena, 4letí
18.000 EUR (8280 - 4140 - 2340 - 1620 - 810 - 540 - 270)
Zápisné: 0 + 0 EUR",6.,"DORTMUNDER(GER), 3","53,0",Thore Hammer-Hansen,daleko,,6,,
,,,,1.,"FORET VIERGE(FR), 4 kl","65,0",Nathan Howie,BOJ,,8,,
,,,,2.,"ICONE LOINTAINE(FR), 4 kl","63,0",Alexandre Chesneau,krk,,13,,
,,,,3.,"WOPART(GB), 4 val","68,0",ž. Josef Bartoš,3/4,,12,Váňa ml. Josef,
,,,,4.,"IVAN WILL(FR), 4 val A 1/2","64,0",Gauvain Faivre-Picon,1/2,,5,,
,,,,5.,"MAGIC DAVIER(FR), 4 val","68,0",Lucas Zuliani,2 1/2,,10,,
,,,,6.,"GIULINA(FR), 4 kl","65,0",Corentin Smeulders,5,,14,,
,,,"2770 PRIX DE LA PICARDIE
Proutky L - 4000 m, handicap, 4letí a starší
95.000 EUR (42750 - 20900 - 12350 - 8550 - 4750 - 3325 - 2375)
Zápisné: 0 + 0 EUR",7.,"INEFFABLE(FR), 4 kl A 1/2","64,0",Damien Thomas,1 1/2,,7,,
,,,,1.,"MONTY SAGA(FR), 6 val","67,5",Johnny Charron,TUHÝ BOJ,,7,,
,,,,2.,"ROCK AND ROLL(FR), 4 val","63,5",Clement Lefebvre,nos,,16,,
,,,,3.,"CIRANO DE PAIL(FR), 9 val","66,5",Jean-Baptiste Breton,hlava,,10,,
,,,,4.,"HALO ON FIRE(FR), 5 val","68,0",Dylan Ubeda,1 1/2,,5,,
,,,,5.,"STERNKRANZ(GER), 8 val","68,5",ž. Josef Bartoš,4 1/2,,4,Váňa ml. Josef,
,,,,6.,"PICNIC(FR), 5 val","65,0",Damien Thomas,3/4,,14,,
,,,,7.,"COOKILAYONE(FR), 6 kl","66,5",Julien Coyer,4,,11,,
,,,"2771 PRIX DE LA VENDEE
Steeplechase - - 4200 m, handicap, 5letí a starší
35.000 EUR (15750 - 7700 - 4550 - 3150 - 1750 - 1225 - 875)
Zápisné: 0 + 0 EUR",Z,"CAPIVARI(FR), 10 val","65,0",Thomas Beaurain,,,15,Váňa ml. Josef,
,,,,1.,"GALOP DU LARGE(FR), 6 val","65,0",Johnny Charron,JISTĚ,,10,,
,,,,2.,"LORD DRAGON(FR), 6 val","68,0",ž. Josef Bartoš,1 1/2,,5,Váňa ml. Josef,
,,,,3.,"AFFORTUNATO(FR), 6 val","66,0",Nathanael Ferreira,7,,2,,
,,,,4.,"BERYL BAIE(FR), 11 val","69,5",Clement Lefebvre,4,,3,,
,,,,5.,"GOLDEN PARK(FR), 6 kl","66,5",Dylan Ubeda,1,,8,,
,,,,6.,"LORD PIT(FR), 7 val","69,0",Adrien Merienne,13,,4,,
,,,"2772 PRIX HENRI VERAN
Proutky - - 4000 m, handicap, 4letí a starší
34.000 EUR (15300 - 7480 - 4420 - 3060 - 1700 - 1190 - 850)
Zápisné: 0 + 0 EUR",7.,"ACHOUR(FR), 11 val","68,0",Damien Thomas,20,,1,,
,,,,1.,"DAYS DREAM(FR), 6 kl","68,0",Raphael Mayeur,JISTĚ,,9,,
,,,,2.,"OSAXA(FR), 7 kl","67,0",Lucas Vandamme,2 1/2,,5,,
,,,,3.,"INDIANA ROQUE(FR), 4 kl A 1/2","69,0",Dylan Ubeda,krk,,11,,
,,,,4.,"HAUT DE FORME(FR), 5 val A 1/2","68,0",Teddy Vabois,2,,4,,
,,,,5.,"ON YOUR MARKS(GB), 5 val","69,0",Lucas Zuliani,14,,10,,
,,,,6.,"GREAT FEELING(FR), 4 val","68,5",Nathan Howie,7,,2,,
,,,,7.,"MARVELLA D`ESTREL(FR), 5 kl","67,5",Alexandre Seigneul,20,,6,,
,2021,Výsledky ze dne 23.12.2021 - Deauville (Francie),"2674 PRIX DES ESTAMPES JAPONAISES
Rovina c4 - 1900 m, handicap, 3letí a starší
14.000 EUR (7000 - 2800 - 2100 - 1400 - 700)
Zápisné: 0 + 0 EUR",Z,"VOLUNTEERS(FR), 6 val","69,5",ž. Josef Bartoš,,,8,Váňa ml. Josef,
,,,,1.,"KEA(GB), 5","58,5",Laura Grosso,JISTĚ,,2,,
,,,,2.,"BEAMA(FR), 8 kl","57,5",Ebbe Verhestraeten,3/4,,3,,
,,,,3.,"ANONYME(FR), 5","55,0",Hugo Journiac,1 1/4,,15,,
,,,,4.,"AL RASSOUL(FR), 6 val","57,5",ž. Theo Bachelot,hlava,,8,,
,,,"2675 PRIX DU PONT JAPONAIS
Rovina c3 - 1900 m, handicap, 3letí a starší
16.000 EUR (8000 - 3200 - 2400 - 1600 - 800)
Zápisné: 0 + 0 EUR",5.,"SIGLO DE ORO(IRE), 6 hř","56,0",ž. Vendula Korečková,1 1/4,,9,Janáčková Koplíková Ingrid,
,,,,1.,"MAN OR(FR), 4","56,5",Axel Baron,JISTĚ,,12,,
,,,,2.,"CHUBASCO(FR), 4 val","58,5",Aude Duporte,1 1/4,,1,,
,,,,3.,"BERING PALACE(FR), 4 val","58,5",Jeremie Monteiro,krk,,5,,
,,,,4.,"MANG`SEKO(FR), 4 kl","59,5",ž. Gerald Mossé,kr.hlava,,2,,
,,,,5.,"VALENTINO(FR), 5","58,5",Jules Mobian,kr.hlava,,7,,
,,,"2676 PRIX DU CHEMIN DES DOUANIERS
Rovina M - 2500 m, cena, 3letí
22.000 EUR (11000 - 4400 - 3300 - 2200 - 1100)
Zápisné: 0 + 0 EUR",12.,"ANOASTER(FR), 4 kl","57,0",ž. Vendula Korečková,,,9,Janáčková Koplíková Ingrid,
,,,,1.,"ROYAL RIGHT(IRE), 3 hř","56,5",ž. Vendula Korečková,JISTĚ,,3,Janáčková Koplíková Ingrid,
,,,,2.,"MANZANO(FR), 3 val","54,5",Zoe Rives,1,,10,,
,,,,3.,"SILVERSTONE(FR), 3","56,5",Jules Mobian,1,,6,,
,,,,4.,"DIVA DONNA(FR), 3","56,5",Thomas Trullier,2 1/2,,12,,
,,,,5.,"ALPINO(FR), 3","56,5",Aude Duporte,krk,,1,,
,,,"2677 PRIX DE L`ATELIER DES NYMPHEAS
Rovina c3 - 1900 m, handicap, 3letí a starší
25.000 EUR (12500 - 4750 - 3500 - 2000 - 1000 - 750 - 500)
Zápisné: 0 + 0 EUR",8.,"PERSIAN PRINCE(GB), 3 hř","58,0",Gregory Benoist,,,4,Luka Václav,
,,,,1.,"RONALDO(GER), 7 hř","58,5",ž. Gerald Mossé,LEHCE,,6,,
,,,,2.,"JUSSIFER(FR), 4","55,5",ž. Theo Bachelot,2,,16,,
,,,,3.,"IDEAL KING(FR), 4 val","58,5",Delphine Santiago,krk,,1,Luka Václav,
,,,,4.,"AGAPI MIA(FR), 5 kl","60,0",Tony Piccone,krk,,2,,
,,,,5.,"FRENCHY(FR), 4","56,0",Hugo Besnier,1 1/2,,14,,
,,,,6.,"ILLOGIC(FR), 5","60,0",ž. Anthony Crastus,hlava,,3,,
,2020,Výsledky ze dne 30.12.2020 - Cagnes-sur-mer (Francie),"2495 PRIX DE LA PICARDIE
Proutky - - 4000 m, handicap, 4letí a starší
80.000 EUR (36000 - 17600 - 10400 - 7200 - 4000 - 2800 - 2000)
Zápisné: 0 + 0 EUR",7.,"KIAZ APAPA(FR), 4 val","59,0",ž. Aurelien Lemaitre,krk,,4,,
,,,,1.,"STERNKRANZ(GER), 6 val","66,0",ž. Josef Bartoš,LEHCE,,10,Váňa ml. Josef,
,,,,2.,"BRIC(FR), 5 val","66,0",Maxime Lefebvre,2 1/2,,7,,
,,,,3.,"CIRANO DE PAIL(FR), 7 val","64,0",Ludovic Philipperon,1 1/4,,13,,
,,,,4.,"INTRINSEQUE(FR), 8 val","67,0",Thomas Beaurain,4 1/2,,6,,
,,,,5.,"CELTIOR(FR), 8 val","70,0",Paul Moreau,3 1/2,,2,,
,,,,6.,"BUCK`S BAHKBOOK(FR), 6 kl","69,0",Thomas Stromboni,3,,3,,
,,,"2496 PRIX DE LA BOURGOGNE
Proutky - - 4000 m, handicap, 4letí a starší
45.000 EUR (20250 - 9900 - 5850 - 4050 - 2250 - 1575 - 1125)
Zápisné: 0 + 0 EUR",7.,"ASTARA DE LUNE(FR), 8 kl","64,5",Morgan Regairaz,7,,12,,
,,,,1.,"GALOUSKA(FR), 5 kl","64,5",Florian Girard,LEHCE,,6,,
,,,,2.,"NURMI(GER), 7 val","65,5",am. Davide Satalia,4,,5,,
,,,,3.,"EDITORIAL(FR), 5 val","67,0",Maxime Lefebvre,hlava,,9,,
,,,,4.,"DAVANTI SAN GUIDO(FR), 5 val","67,0",Maximilien Farcinade,9,,8,,
,,,,5.,"TOMGARRY(FR), 7 val","68,0",Nathaniel Curtis,krk,,2,,
,,,,6.,"UN AMOUR DE RISK(FR), 6 val","66,0",Thomas Stromboni,1/2,,10,,
,,,,7.,"SORAL DE KERZEL(FR), 6 val","66,0",Dylan Salmon,2,,3,,
,2019,Výsledky ze dne 30.12.2019 - Deauville (Francie),"2604 PRIX DE LA BOURDONNIERE
Rovina - - 1300 m, cena, 4letí a starší
15.000 EUR (7500 - 3000 - 2250 - 1500 - 750)
Zápisné: 0 + 0 EUR",Z,"STARMAN(FR), 5 val","68,0",Pauline Dominois,,,1,Váňa ml. Josef,
,,,,1.,"NINE OU FOUR(IRE), 8 hř","56,0",Frank Panicucci,LEHCE,,9,Luka Václav,
,,,,2.,"GAETANO DONIZETTI(IRE), 6 hř","58,0",Marc Nobili,3,,5,,
,,,,3.,"LIGHTOLLER(IRE), 5 val","59,5",Benjamin Hubert,3/4,,1,,
,,,,4.,"CLOUD EIGHT(IRE), 4 val","59,5",Richard Juteau,krk,,2,,
,,,"2605 PRIX DE BALME
Rovina - - 1900 m, cena, 4letí a starší
18.000 EUR (9000 - 3600 - 2700 - 1800 - 900)
Zápisné: 0 + 0 EUR",5.,"UCEL(IRE), 5 hř","56,0",Stephane Laurent,1/2,,8,,
,,,,1.,"ALLEZ HENRI(IRE), 8 hř","56,5",Sibylle Vogt,BOJ,,5,,
,,,,2.,"MAGNENTIUS(FR), 6 val","53,0",Lea Bails,hlava,,11,,
,,,,3.,"TRES BELAFFAIR(FR), 5 val","54,0",Maxmilien Justum,hlava,,7,,
,,,,4.,"MEHZAM(FR), 5 val","59,0",ž. Aurelien Lemaitre,1,,2,,
,,,,5.,"SKATERS WALTZ(IRE), 8 val","57,5",ž. Antoine Hamelin,krk,,6,,
,2018,Výsledky ze dne 26.12.2018 - Dortmund (Německo),"2690 Preis von Wettstar
Rovina E - 1200 m, handicap, 3letí a starší
6.000 EUR (3000 - 1200 - 900 - 600 - 300)
Zápisné: 0 + 0 EUR",10.,"VEAKALTO(IRE), 7 val","56,0",Antoine Coutier,,,12,Luka Václav,
,,,,1.,"ZEBSPEAR(IRE), 4","58,0",ž. André Best,LEHCE,,5,,
,,,,2.,"SALDINSKA(GER), 5 kl","60,0",Alexander Pietsch,4,,3,,
,,,,3.,"LADY CRISTAL(IRE), 4","56,0",ž. Jozef Bojko,3,,8,,
,,,,4.,"NAVALIS(GER), 3","59,5",Gijs Snijders,1 1/4,,1,,
,,,,5.,"NASHIK(GER), 5 val","58,5",Lukas Delozier,1 1/2,,4,,
,,,"2691 Auf Wiedersehen am 6. Januar-Rennen
Rovina E - 1950 m, cena, 4letí a starší
4.000 EUR (2000 - 800 - 600 - 400 - 200)
Zápisné: 0 + 0 EUR",8.,"IRAKLIN(IRE), 8 val","57,5",ž. Jaromír Šafář,,,6,Neuberg Filip,
,,,,1.,"SAN DIEGO(GER), 4 hř","57,0",Sibylle Vogt,LEHCE,,4,,
,,,,2.,"PANORAMICA(GB), 4 kl","55,5",Alexander Pietsch,1,,5,,
,,,,3.,"ZALETTA(GER), 4","55,0",ž. André Best,11,,8,,
,,,,4.,"ELOUISE(GER), 5","55,5",ž. Jose Luis Silverio,daleko,,6,,
,,,,5.,"PORTE DU PARADIS(FR), 5","55,0",am. Esther Ruth Weissmeier,4 3/4,,7,,
,2017,Výsledky ze dne 16.12.2017 - Deauville (Francie),"2723 PRIX DE ROIVILLE
Rovina - - 1500 m, cena, 3letí
24.000 EUR (12000 - 4800 - 3600 - 2400 - 1200)
Zápisné: 0 + 0 EUR",6.,"ANDAROS(GER*), 6 val","57,0",Tommaso Scardino,9,,3,Faltejsek st. Jan,
,,,,1.,"RIP THE TOP(IRE), 3","52,5",Mickaelle Michel,TUHÝ BOJ,,6,,
,,,,2.,"ON THE SEA(GB), 3 hř","56,0",am. Alison Massin,hlava,,4,,
,,,,3.,"FRESCO(IRE), 3 val","53,5",Ambre Molins,2 1/2,,7,,
,,,,4.,"DO IT IN RIO(FR), 3","56,5",Delphine Santiago,kr.hlava,,1,,
,,,,5.,"BEIJING EIGHT(GER), 3","52,0",Coralie Pacaut,hlava,,10,,
,,,"2724 PRIX DE BREUIL
Rovina E - 1300 m, cena, 4letí a starší
24.000 EUR (12000 - 4800 - 3600 - 2400 - 1200)
Zápisné: 0 + 0 EUR",8.,"FUROUS(FR), 3 val","56,0",Pauline Dominois,,,8,Albrecht Jürgen,
,,,,1.,"DIAMANT DE VATI(FR), 6 hř","53,5",Maixent Remy,BOJ,,9,,
,,,,2.,"MAMBO WAY(FR), 7 hř","56,0",Gregory Benoist,krk,,8,,
,,,,3.,"JACK MUSCOLO(USA), 7 val","56,0",Fabien Lefebvre,krk,,7,,
,,,,4.,"DES ANNEES FOLLES(FR), 4 kl","56,5",Anthony Crastus,1/2,,6,,
,,,,5.,"KITKARMA(FR), 4 kl","56,5",Coralie Pacaut,hlava,,3,,
,2016,Výsledky ze dne 29.12.2016 - Pisa (Itálie),"2611 PREMIO GIUSEPPE CHIODINI
Proutky - - 3500 m, handicap, 4letí a starší
12.000 EUR (5100 - 2040 - 1020 - 612 - 408)
Zápisné: 0 + 0 EUR",11.,"KOOL AND THE GANG(IRE), 7 val","58,0",ž. Ioritz Mendizabal,,,5,Albrecht Jürgen,
,,,,1.,"ROMAN(FR), 4 val","68,5",ž. Josef Váňa ml.,LEHCE,,2,Váňa st. Josef,
,,,,2.,"ACHEN(ITY), 10 val","66,0",Davide Columbu,6,,8,,
,,,,3.,"BIG MAGO(IRE), 6 val","72,5",ž. Jan Kratochvíl,1/2,,1,Váňa st. Josef,
,,,,4.,"COUNTERPROOF(IRE), 4 hř","63,0",Dominik Pastuszka,3 1/4,,9,,
,,,"2612 PREMIO ILAI PICCHI
Steeplechase - - 3500 m, cena, 4letí a starší
12.000 EUR (5100 - 2040 - 1020 - 612 - 408)
Zápisné: 0 + 0 EUR",5.,"SCOCOSITA(ITY), 4 kl","68,0",Alessio Pollioni,1/2,,4,,
,,,,1.,"BROUGHTON(GER), 6 val","68,0",ž. Josef Váňa ml.,LEHCE,,3,Váňa st. Josef,
,,,,2.,"MIGHTY MAMBO(GB), 9 val","68,0",ž. Josef Bartoš,4 1/2,,6,,
,,,,3.,"HURRICANE MIX(FR), 5 val","69,0",ž. Raffaele Romano,4 3/4,,5,,
,,,,4.,"GRAND LINK(GB), 5 hř","68,0",Davide Columbu,5,,4,,
,,,,5.,"ALBINA(IRE), 6 kl","69,0",John Paul Brennan,1 1/2,,1,,
,2015,Výsledky ze dne 21.12.2015 - Deauville (Francie),"2402 PRIX DE ROCQUES
Rovina - - 2500 m, cena, 4letí a starší
21.000 EUR (10500 - 4200 - 3150 - 2100 - 1050)
Zápisné: 0 + 0 EUR",8.,"BILLY SILVER(FR), 7 val","68,0",ž. Jan Kratochvíl,,,2,Váňa st. Josef,
,,,,1.,"QUIXOTE(GER), 5 hř","60,0",Ronan Thomas,LEHCE,,1,,
,,,,2.,"GLORIOSO(GER), 5 hř","60,0",ž. Theo Bachelot,2 1/2,,2,Luka Václav,
,,,,3.,"MUHTAKER(GB), 8 val","57,0",Alexis Achard,2,,7,,
,,,,4.,"VICTORIOUS CHAMP(FR), 4","60,0",Anthony Crastus,1 1/2,,3,,
,,,,5.,"SELF INDULGENCE(FR), 4","55,5",Franck Blondel,1 1/2,,10,,
,,,"2403 PRIX DE FOLLEVILLE
Rovina - - 2500 m, cena, 3letí
20.000 EUR (10000 - 4000 - 3000 - 2000 - 1000)
Zápisné: 0 + 0 EUR",6.,"TALAR(GB), 5 val","54,5",Pierre Bazire,1 1/4,,6,Luka Václav,
,,,,1.,"EPONYME(IRE), 3","56,5",ž. Jeremy Crocquevielle,LEHCE,,4,,
,,,,2.,"LE CASTELOT(FR), 3 val","57,5",Frank Panicucci,1 3/4,,3,,
,,,,3.,"NEW WHITE(FR), 3","56,0",Johan Victoire,nos,,15,,
,,,,4.,"TURTLE BEACH(FR), 3 kl","57,5",Yohann Bourgois,1,,2,,
,,,,5.,"VATOHIO(FR), 3","56,0",Matthias Lauron,1 1/4,,7,,
,2014,Výsledky ze dne 26.12.2014 - Deauville (Francie),"2458 PRIX DE MEDAVY
Rovina - - 1500 m, handicap, 4letí a starší
40.000 EUR (20000 - 8000 - 6000 - 4000 - 2000)
Zápisné: 0 + 0 EUR",12.,"SNEZENKA(IRE), 3 kl","56,0",Stéphane Breux,,,8,Luka Václav,
,,,,1.,"PHU HAI(FR), 5 val","56,5",ž. Theo Bachelot,BOJ,,5,Luka Václav,
,,,,2.,"ZACK TIGER(IRE), 5 hř","53,0",Aurelien Lemaitre,hlava,,15,,
,,,,3.,"SARGASSES(FR), 8 kl","54,0",Maxime Guyon,3,,12,,
,,,,4.,"ARTPLACE(IRE), 4","58,5",Delphine Santiago,hlava,,3,,
,,,"2459 PRIX DE MEHERAN
Rovina - - 1500 m, handicap, 4letí a starší
24.000 EUR (12000 - 4800 - 3600 - 2400 - 1200)
Zápisné: 0 + 0 EUR",5.,"JO DE VATI(FR), 4","53,0",Antoine Coutier,krk,,14,,
,,,,1.,"MOONLIGHT GAMBLER(FR), 5 hř","57,5",Christian Hanotel,LEHCE,,10,,
,,,,2.,"BARZINI(GER), 7 val","53,0",Ronan Thomas,2 1/2,,16,,
,,,,3.,"LUMINOUS MIND(USA), 6","59,0",Alexis Badel,krk,,4,,
,,,,4.,"EARLY OUEST(FR), 4 val","53,5",Ludovic Boisseau,krk,,14,,
,,,,5.,"STORMY FLIGHT(FR), 4","60,0",Fabrice Veron,krk,,1,,
,2013,Výsledky ze dne 27.12.2013 - Deauville (Francie),"2333 PRIX DE VILLEPELEE
Rovina - - 1900 m, cena, 3letí
29.000 EUR (14500 - 5800 - 4350 - 2900 - 1450)
Zápisné: 0 + 0 EUR",10.,"IRAKLIN(IRE), 4 val","56,0",ž. Theo Bachelot,,,12,Luka Václav,
,,,,1.,"KATHINKA(GER), 3 kl","57,5",Stephane Pasquier,BOJ,,3,,
,,,,2.,"CAMARETZ(USA), 3 val","57,0",Cristian Demuro,kr.hlava,,6,,
,,,,3.,"LAQUIELLA(FR), 3 kl","54,0",Jordan Plateaux,2 1/2,,2,,
,,,,4.,"LIVING DESERT(GB), 3 val","53,0",Antoine Werle,2,,7,,
,,,,5.,"KING LOLLIPOP(FR), 3 hř","54,5",Matthias Lauron,2 1/2,,5,,
,,,"2334 PRIX DE CISAI
Rovina - - 1300 m, handicap, 3letí
20.000 EUR (10000 - 4000 - 3000 - 2000 - 1000)
Zápisné: 0 + 0 EUR",7.,"KOBI(GER), 3 kl","57,5",Theo Bachelot,,,1,Luka Václav,
,,,,1.,"MAJESTIC MOUNT(GB), 3 hř","62,0",Maxime Guyon,LEHCE,,1,,
,,,,2.,"CHEF OUI CHEF(FR), 3 hř","60,0",Jerome Cabre,2 1/2,,3,,
,,,,3.,"CONTESURMOI(FR), 3 val","51,0",Alexis Badel,1/2,,15,,
,,,,4.,"REINE MARIE(FR), 3 kl","58,0",Cristian Demuro,1 1/4,,6,,
,,,,5.,"RED FINE(IRE), 3 kl","56,0",Allan Bonnefoy,krk,,9,,
,,,"2335 PRIX DU MONT LION
Rovina - - 2400 m, cena, 4letí a starší
21.000 EUR (10500 - 4200 - 3150 - 2100 - 1050)
Zápisné: 0 + 0 EUR",13.,"IRAKLIN(IRE), 3 val","57,0",Theo Bachelot,,,8,Luka Václav,
,,,,1.,"LATERAN ACCORD(IRE), 4","56,0",Stefanie Hofer,LEHCE,,8,,
,,,,2.,"BAAN RIM PA(FR), 7","59,0",Pauline Prod`homme,2 1/2,,2,,
,,,,3.,"BISCAYA BAY(GB), 4","53,0",Amelie Foulon,1,,11,,
,,,,4.,"CHABAL`OZOR(FR), 4","59,0",Chrystelle Cardenne,kr.hlava,,4,,
,,,,5.,"KEEP COOL(GB), 6 hř","55,5",Jeanne Cotta,1,,6,,
,2012,Výsledky ze dne 29.12.2012 - Roma-Capannnelle (Itálie),"2367 Premio Xaco
Proutky - - 3400 m, , 4letí a starší
15.000 EUR (6375-2550-1275-765-510)
Zápisné: 0 + 0 EUR",9.,"DANGEROUS GLEAM(GER), 4 val","53,5",Pauline Dominois,,,9,Luka Václav,
,,,,1.,"BRANIT(ITY), 5 val","69,5",Davide Columbu,JISTĚ,,1,,
,,,,2.,"CROSS FADE(IRE), 4 val","67,5",Raffaele Romano,1/2,,3,,
,,,,3.,"CRACK CHICHI(FR), 4 val","70,0",Dominik Pastuszka,15,,2,,
,,,,4.,"TURF FINCH(GER), 4 val","66,0",Jaroslav Myška,1/2,,6,Myšková Štěpánka,
,,,,Z,"TROVAJOLI(ITY), 5","68,0",Sylvain Mastain,,,5,,
,,,"2368 Premio Guido Zibellini
Proutky - - 3400 m, , 3letí
16.500 EUR (6375-2550-1275-765-510)
Zápisné: 0 + 0 EUR",PN,"FAIRYHALL(GB), 4 val","66,0",Josef Bartoš,,,4,,
,,,,1.,"SERICA(IRE), 3 val","70,5",Raffaele Romano,TUHÝ BOJ,,6,,
,,,,2.,"WISTON(GB), 3 hř","66,0",Josef Bartoš,kr.hlava,,8,,
,,,,3.,"GREENHAL(ITY), 3 hř","66,0",Sylvain Mastain,hlava,,3,,
,,,,4.,"PATTO D`ACCIAIO(ITY), 3 val","66,0",Dominik Pastuszka,daleko,,5,,
,,,,5.,"SOPRAN LESTO(ITY), 3","66,0",Davide Columbu,1,,7,,
,2011,Výsledky ze dne 06.12.2011 - Roma-Capannnelle (Itálie),"2294 Premio Sordello-Mem. Antonio E Felice Ceciarelli
Proutky - - 3400 m, cena, 4letí a starší
22.000 EUR (9350 - 3740 - 1870 - 1122 - 748)
Zápisné: 0 + 0 EUR",6.,"ELMAL(FR), 3 val","66,0",Josef Váňa ml.,10,,1,Váňa st. Josef,
,,,,1.,"ERODOTO(GB), 5 val","67,0",Raffaele Romano,LEHCE,,3,,
,,,,2.,"CANAYLI(IRE), 4 val","65,0",ž. Dirk Fuhrmann,4 1/2,,2,,
,,,,3.,"HEEDAS(GB), 5 val","67,0",ž. Josef Váňa ml.,3 1/2,,6,,
,,,,4.,"GUESS WHO(ITY), 4 val","65,0",H. Grzywna,12,,5,,
,2010,Výsledky ze dne 28.11.2010 - Roma-Capannnelle (Itálie),"2271 Premio Spegasso
Steeplechase - - 3450 m, cena, 4letí a starší
20000 EUR (8500 - 3400 - 1700 - 1020 - 680)
Zápisné: 0 + 0 EUR",5.,"LIPI(GB), 5 val","67,0",ž. Josef Bartoš,3 1/2,,7,Luka Václav,
,,,,1.,"GERBETT(IRE), 5 hř","68,0",Raffaele Romano,LEHCE,,6,,
,,,,2.,"CROALDIGNO(ITY), 4 val","66,0",Ch. Monjon,3 1/2,,3,,
,,,,3.,"EFFETTO SPECIALE(IRE), 34 val","64,0",ž. Josef Bartoš,12,,4,,
,,,,4.,"RACCONIGI(IRE), 4 hř","64,0",ž. Jan Faltejsek,3,,10,,
,,,,5.,"KARAGEM SUMMIT(ITY), 4 hř","64,0",ž. Dirk Fuhrmann,daleko,,7,,
,2009,Výsledky ze dne 29.12.2009 - Roma-Capannnelle (Itálie),"2254 Premio Sandusky
Proutky - - 3200 m, handicap, 4letí
22000 EUR (8500 - 3400 - 1700 - 1020 - 680)
Zápisné: 0 + 0 EUR",6.,"CRAZY FOR LIFE, 4 kl","64,0",am. Pavel Peprna,2,,2,Seménka Zdeněk,
,,,,1.,"GERBETT(IRE), 4 hř","72,0",Raffaele Romano,LEHCE,,1,,
,,,,2.,"LIZARD KING(ITY), 4 val","67,5",am. Emmanuel Reinhardt,5,,5,,
,,,,3.,"VEDDASCA(IRE), 4 kl","67,5",Davide Columbu,10,,2,,
,,,,4.,"CANEY(IRE), 4 val","67,5",Stephan Karnicnik,5,,4,Váňa st. Josef,
,2008,Výsledky ze dne 20.12.2008 - Roma-Capannnelle (Itálie),"2227 Premio Xaco
Proutky - - 3400 m, cena, 5letí a starší
18000 EUR (7650 - 3060 - 1530 - 918 - 612)
Zápisné: 0 + 0 EUR",5.,"FURNASATT(GB), 4 hř","66,0",Dominik Pastuszka,7,,3,,
,,,,1.,"BRUCIAPELO(ITY), 5 hř","66,5",A. Renzi,LEHCE,,2,,
,,,,2.,"MR ROMEO(IRE), 7 val","65,0",ž. Dirk Fuhrmann,3,,4,,
,,,,3.,"ALTROVE(IRE), 5 val","65,0",ž. Jan Faltejsek,daleko,,1,Favero Paolo,
,,,,4.,"MAJOR GENERAL(GER), 5 val","65,0",ž. Josef Bartoš,1,,3,Váňa st. Josef,
,,,"2228 Premio Or Jack
Proutky - - 3400 m, cena, 4letí
19800 EUR (7650 - 3060 - 1530 - 918 - 612)
Zápisné: 0 + 0 EUR",5.,"TORONGA(GER), 5 kl","65,0",žk. Josef Váňa ml.,daleko,,6,Váňa st. Josef,
,,,,1.,"GALANDAS(ITY), 4 hř","66,5",ž. Dirk Fuhrmann,LEHCE,,6,,
,,,,2.,"RED DOCTOR(ITY), 4 val","65,0",ž. Jan Faltejsek,3,,11,,
,,,,3.,"ARROW CROSS(IRE), 4","65,0",Stephan Karnicnik,3,,3,,
,,,,4.,"ALGOL(SLO), 4 val","66,5",ž. Jiří Kousek,6,,1,Sokol Samuel,
,,,,5.,"ALPHA PRIM(POL), 4 hř","65,0",žk. Josef Váňa ml.,10,,2,,
,2007,Výsledky ze dne 18.12.2007 - Roma-Capannnelle (Itálie),"2310 Premio Xaco
Proutky - - 3400 m, cena, 5letí a starší
20000 EUR (8500 - 3400 - 1700 - 1020 - 680)
Zápisné: 0 + 0 EUR",9.,"NEARLY PERFECT(GER), 4 val","65,0",ž. Josef Bartoš,,,10,Váňa st. Josef,
,,,,1.,"MASTMAN(IRE), 5","65,0",ž. Josef Bartoš,JISTĚ,,2,Váňa st. Josef,
,,,,2.,"MR ROMEO(IRE), 6","67,5",Raffaele Romano,1/2,,3,,
,,,,3.,"OMANIE(GER), 5","67,5",ž. Dirk Fuhrmann,2 1/2,,6,,
,,,,4.,"HENUTTI(ITY), 5","65,0",F. Sparapano,8,,1,,
,,,"2311 Premio Ardale
Steeplechase - - 3450 m, cena, 4letí a starší
14000 EUR (5950 - 2380 - 1190 - 714 - 476)
Zápisné: 0 + 0 EUR",5.,"OEIL DE SIVOLA(FR), 5","65,0",Thomas Boyer,3,,4,,
,,,,1.,"SCHUMY DANCER(GER), 5","67,0",A. Renzi,JISTĚ,,4,,
,,,,2.,"RIB PILE(FR), 10","66,0",ž. Jan Faltejsek,1/2,,3,,
,,,,3.,"VEGAS(POL), 4","65,0",Paul Andrew Johnson,15,,6,,
,,,,4.,"SFIZIOSO MIX(ITY), 4","69,0",Raffaele Romano,15,,5,,
,,,"2312 Premio Fresas
Proutky - - 3200 m, cena, 3letí
22000 EUR (8500 - 3400 - 1700 - 1020 - 680)
Zápisné: 0 + 0 EUR",5.,"DRIVER(GER), 6","66,0",Stephan Karnicnik,12,,2,Vinklárek Vladimír,
,,,,1.,"SATURNINO(SLO), 3","64,5",Jiří Kousek,LEHCE,,10,Lopez Jean Pierre,
,,,,2.,"BIG SUGAR(IRE), 3","65,0",ž. Jan Faltejsek,6,,1,,
,,,,3.,"RADAMANTO(IRE), 3","64,0",ž. Dirk Fuhrmann,4,,7,,
,,,,4.,"BRAVO POLA(IRE), 3","64,0",Ervan Chazelle,1 1/2,,3,,
,,,,5.,"SARABANDA HEAT(GB), 3","65,5",Raffaele Romano,4,,9,,
,2006,Výsledky ze dne 26.11.2006 - Bremen (Německo),"2222 Vahrao-Trophy
Rovina - - 2100 m, cena, 4letí a starší
2000 EUR (1150 - 450 - 250 - 150 - 0)
Zápisné: 0 + 0 EUR",10.,"LADY CELTIC(IRE), 3","64,0",ž. Josef Bartoš,,,5,Váňa st. Josef,
,,,,1.,"LIPARDA(GER), 4","63,5",R. Mackowiak,JISTĚ,,8,,
,,,,2.,"VAN VÜRDEN(GER), 5","68,0",am. Pavel Bradík,3/4,,11,,
,,,,3.,"FLASH DANCER(GER), 7","67,0",Václav Pančocha,1/2,,1,,
,,,,4.,"LASHADD, 4","65,0",Milan Zatloukal,3/4,,2,Neuberg Filip,
,,,"2223 Bremer Hindernis Finale 2006
Steeplechase - - 3600 m, cena, 4letí a starší
5200 EUR (2600 - 1100 - 750 - 500 - 250)
Zápisné: 0 + 0 EUR",5.,"DURANI(GER), 5","62,0",am. Erika Bránecká,3/4,,12,,
,,,,1.,"MANIAC(GER), 8","65,0",Jeremy Recher,ZADRŽENĚ,,10,,
,,,,2.,"DANSEUR ECOSSAIS(FR), 7","60,5",Fabian Xaver Weissmeier,12,,9,,
,,,,3.,"GEISHA DREAM(GER), 5","66,0",Jan Korpas,1,,5,,
,,,,4.,"BRICKWEDDER(GER), 7","63,0",žk. Vilém Hlaváček,1 1/2,,12,,
,,,,5.,"FUNNY GIRL(GER), 7","64,5",R. Mackowiak,,,7,,
,,,,9.,"LANABAA(FR), 5","70,5",ž. Dušan Andrés,,,1,Koplík Zdeno,
,,,"2224 Haake Sprint-Cup
Rovina L - 1300 m, cena, 3letí a starší
20000 EUR (12000 - 4400 - 2400 - 1200 - 0)
Zápisné: 0 + 0 EUR",PN,"VODORYS, 4","67,5",ž. Tomáš Hurt,,,6,Neuberg Filip,
,,,,1.,"SIGNUM(GER), 3","57,0",ž. Jiří Palík,BOJ,,9,,
,,,,2.,"SOAVE(GER), 7","59,0",Adrianus De Vries,hlava,,2,,
,,,,3.,"DIABLE(GB), 7","58,0",ž. Filip Minařík,1/2,,3,,
,,,,4.,"SLADE(GER), 4","56,0",Marvin Suerland,krk,,10,,
,,,,5.,"NARSUS(GER), 4","57,0",ž. Jozef Bojko,3 1/2,,7,,
,2005,Výsledky ze dne 10.12.2005 - Dortmund (Německo),"2218 Wambeler Adventspreis
Rovina - - 2500 m, cena, 3letí a starší
3400 EUR (2000 - 800 - 400 - 200 - 0)
Zápisné: 0 + 0 EUR",7.,"POLISH MAGIC(GB), 6","59,0",ž. René Koplík,,,1,Koplík Zdeno,
,,,,1.,"WILDBACH(IRE), 3","58,0",André Best,V. LEHCE,,4,,0
,,,,2.,"VILLA VITA(GER), 4","58,0",ž. Jozef Bojko,5,,3,,0
,,,,3.,"COUNTRY FIRE(GER), 3","55,0",ž. Filip Minařík,4 1/2,,10,,0
,,,,4.,"NOPPER(GER), 3","56,0",ž. Jiří Palík,2 1/2,,9,Bach Nina,0
,,,,5.,"NOKIA(GER), 5","57,0",Norman Richter,12,,5,,0
,2004,Výsledky ze dne 28.11.2004 - Neuss (Německo),"1. dostih, start 14:03
2170 Preis vom Obertor (hdcp)
Rovina - - 1500 m, handicap, 3letí a starší
3500 EUR (2000 - 840 - 430 - 230 - 0)
Zápisné: 0 + 0 EUR",9.,"ANNAPURNA(GER), 3","54,0",V. Schulepov,,,12,Minařík 2 Ferdinand,0
,,,,1.,"CARLITOS(GER), 10","61,0",A. Schlotthauer,TUHÝ BOJ,,1,,0
,,,,1.,"OUR WARNING(GB), 6","59,0",ž. Jozef Bojko,současně,,5,,0
,,,,3.,"SAN ROCCO(GB), 8","57,5",André Best,2 1/2,,8,,0
,,,,4.,"SANDRO LANDZICHT(HOL), 6","54,0",ž. Filip Minařík,3/4,,9,,0
,,,"5. dostih, start 16:02
2171 Preis vom 1.Advent
Rovina - 1900 m, cena, 3letí a starší
3500 EUR (2000 - 840 - 430 - 230 - 0)
Zápisné: 0 + 0 EUR",5.,"FALZAKAPA, 6","58,0",ž. Iva Miličková,2,,7,Luka st. Václav,0
,,,,1.,"BLUEBERRY FOREST(IRE), 6","58,0",ž. Filip Minařík,V. LEHCE,,3,,0
,,,,2.,"ORFISIO(GB), 5","58,0",Ian Ferguson,8,,7,,0
,,,,3.,"LEVANTINO(GER), 4","58,0",André Best,daleko,,6,,0
,,,,4.,"SAN SURU(GER), 10","58,0",P. Heugl,3/4,,8,,0
,,,,5.,"SABBAAG(USA), 3","56,5",Adrianus De Vries,krk,,10,,0
,2003,Výsledky ze dne 26.10.2003 - Budapešť (Maďarsko),"1. dostih, start 11:30
2129 NYERETLEN KÉTÉVESEK VERSENYE(E.B.F)
Rovina - - 1400 m, cena, 2letí
310000 Ft (155000 - 62000 - 46500 - 31000 - 15500)
Zápisné: 0 + 0 Ft",10.,"LANNY BUDD(IRE), 7","58,0",ž. Iva Miličková,,,5,Blecha Jan,0
,,,,1.,"CARAVAGGIO(AUT), 2","58,0",Roman Mališka,,,1,Břečka Josef,0
,,,,2.,"SHAKIRA MIA(GER), 2","56,5",I. Kozma,,,12,Farkas Tibor,0
,,,,3.,"MARIAN(POL), 2","58,0",ž. Paul Eddery,,,4,Kalaš Pavel,0
,,,,4.,"PRÉDIKÁTOR(HUN), 2","58,0",ž. Ferenc Simon,,,7,Mizsei J.,0
,,,,5.,"MY AQUA(HUN), 2","58,0",ž. Tomasz Dul,,,5,Tugušev Ramazan,0
,,,"2. dostih, start 12:30
2130 CENTRAL EUROPEAN BREEDERS' CUP MILE
Rovina Gd-1 - 1600 m, cena, 3letí a starší - klisny a hřebci
18000 EUR (9000 - 3600 - 2700 - 1800 - 900)
Zápisné: 0 + 0 EUR",8.,"SOLITER(GER), 2","58,0",ž. Jan Rája,,,8,Fedorowicz Vladislav,0
,,,,1.,"TRIBAL INSTINCT(IRE), 5","59,5",ž. Jaroslav Línek,,,6,Holčák František,0
,,,,2.,"KIFAAB, 3","57,0",ž. Radek Koplík,,,8,Wolf Martin,0
,,,,3.,"MORNING SUN(AUT), 5","58,0",Paul Roberts,,,7,Geisler Gerald,0
,,,,4.,"DANDOLO(POL), 5","59,5",ž. Tomasz Dul,,,1,Janikowski Maciej,0
,,,"3. dostih, start 13:30
2131 CENTRAL EUROPEAN BREEDERS' CUP SPRINT
Rovina Gd-1 - 1200 m, cena, 3letí a starší - klisny a hřebci
18000 EUR (9000 - 3600 - 2700 - 1800 - 900)
Zápisné: 0 + 0 EUR",5.,"LIDOHILL(GB), 5","59,5",ž. Zoltán Varga,,,2,Friebert Attila,0
,,,,1.,"PHANTOM TURTLE(IRE), 4","57,0",ž. Darren Moffatt,,,8,Strelar Loredana,0
,,,,2.,"TIM(POL), 4","58,5",ž. Tomasz Dul,,,4,Ziemianski Krzysztof,0
,,,,3.,"GOTYK(POL), 6","58,5",ž. Jan Rája,,,2,Luka st. Václav,0
,,,,4.,"TÜZCSÓVA(GB), 3","55,5",Mónika Szalai,,,12,Friebert Attila,0
,,,"4. dostih, start
2132 CENTRAL EUROPEAN BREEDERS' CUP CLASSIC
Rovina Gd-1 - 2400 m, cena, 3letí a starší
18000 EUR (9000 - 3600 - 2700 - 1800 - 900)
Zápisné: 0 + 0 EUR",5.,"MERRY DANCE(GB), 5","57,0",ž. Radek Koplík,,,6,Fedorowicz Vladislav,0
,,,,1.,"ZAGON(POL), 5","59,5",Jaroslav Línek,,,2,Holčák František,0
,,,,2.,"PODEROSO(GER), 4","59,5",Jan Rája,,,1,Váňová Pavla,0
,,,,3.,"ALUNA(HUN), 4","58,0",ž. Sándor Kovács,,,3,Székely Károly,0
,2002,Výsledky ze dne 20.11.2002 - Milano (Itálie),"2065 PREMIO DEL PRATO
Proutky - 4000 m, ,
72000 EU ( - - - - )
Zápisné: 0 + 0 EUR",4.,"TANTRA(POL), 4","58,0",Paul Eddery,,,6,Kalaš Pavel,0
,2001,Výsledky ze dne 14.12.2001 - Cheltenham (Velká Británie),"2062 SPORTING INDEX SELECT HANDICAP CHASE
Steeplechase - 6200 m, cena,
21700 GBP ( - - - - )
Zápisné: 0 + 0 Lst",PN,"POINTED SOCKS(GER), 5","66,5",Jiří Kameníček,,,5,Baštová Pavlína,
,,,,3.,"SANKT MORITZ(GER), 7","69,0",Michal Köhl,,,7,Váňa st. Josef,
,2000,Výsledky ze dne 22.11.2000 - Dresden (Německo),"2060 PREIS DER FIRMEN HAUSDORF UND REIMER
Rovina - 2000 m, cena,
5600 DM ( - - - - )
Zápisné: 0 + 0 DM",4.,"DECENT FELLOW(GER), 6","67,0",H. Ephgrave,,,9,Váňa st. Josef,
,,,,5.,"NIKI, 3","56,5",Ilona Třešňáková,,,1,Ščevlík Marian,
,1999,Výsledky ze dne 17.11.1999 - Dresden (Německo),"2070 DRESDENER WINTERPREIS
Rovina - 2000 m, ,
5400 DM ( - - - - )
Zápisné: 0 + 0 DM",11.,"SURE FIRE(GB), 3","54,5",Jaroslav Kovařík,,,9,Baštová Pavlína,
,1998,Výsledky ze dne 18.11.1998 - Dresden (Německo),"2058 Jahresfinale 1998 in Dresden
Rovina - 2100 m, cena, 3letí a starší
5100 DM ( - - - - )
Zápisné: 0 + 0 DM",3.,"SHAPELY HEART, 3","56,5",René Koplík,,,6,Koplík Zdeno,
,,,,5.,"NIKETA, 4","56,0",ž. Lukáš Kasal,,,6,,0
,,,"2059 Dresdener Winterpreis
Rovina - 1550 m, cena, 3letí
8500 DM ( - - - - )
Zápisné: 0 + 0 DM",7.,"AURUM, 3","54,0",ž. Martin Knauer,,,9,,0
,,,,4.,"LAZAIRE(GER), 3","55,0",Lukáš Kasal,,,11,,0
,1997,Výsledky ze dne 23.11.1997 - Frankfurt (Německo),"2059 PREIS DES FRANKFURTER GALOPPER
Rovina - 2300 m, , 3letí a starší
6100 DM ( - - - - )
Zápisné: 0 + 0 DM",7.,"ANA ALINA (GER), 3","55,5",Peter Huťťa,,,8,,0
,,,"2060 DON MENNI-RENNEN
Rovina - 1300 m, , 3letí a starší
7300 DM ( - - - - )
Zápisné: 0 + 0 DM",9.,"LANDLADY(GER), 3","51,5",ž. Blanka Šarinová,,,10,,0
,,,,6.,"WALISTRA(GER), 4","50,5",ž. Blanka Šarinová,,,12,,0